<?xml version="1.0" encoding="UTF-8"?>
<!--
To change this template, choose Tools | Templates
and open the template in the editor.
-->


<ae>
    <map>
        
    </map>
    
    <mapgen>
        <layer id="00a Background" type="color" color="000000" />
        <layer id="00b Background" type="picture" imgloc="bg_cave1.png" />
        
        <layer id="00c AIPaths" type="rgbmap" imgloc="aipaths">
            <maprgb rgb="FFffeebb" image="transparent.png">
                <attribute>path</attribute>
            </maprgb>			
        </layer>
        
        <layer id="01a Floor" type="rgbmap" imgloc="floor">
            <maprgb rgb='ffFFFFFF' image="mayan/mfloor2_80.png">
                <attribute>floor</attribute>                
            </maprgb>
            <maprgb rgb='ffFF00FF' image='mayan/mfloor3_75.png'>
                <attribute>floor</attribute>
            </maprgb>
            <maprgb rgb='ffFFFF00' image='mayan/mfloor80.png'>
                <attribute>floor</attribute>
            </maprgb>
            <maprgb rgb='FFffffaa' image='dirt'>
                <attribute>floor</attribute>
            </maprgb>
            <maprgb rgb='FFaaffaa' image='grass'>
				<attribute>floor</attribute>
                <attribute>grass</attribute>
            </maprgb>            
        </layer>

		<layer id='01b FloorAdditions' type='rgbmap' imgloc='aipaths'>
			<maprgb rgb='FFff99ff' image='monsterblock'>
				        <attribute>monsterblock</attribute>                
			</maprgb>
		</layer>
                     
        <layer id="02a Walls" type="rgbmap" imgloc="walls">
            <maprgb rgb='FF000000' image='mwall d'>
                <attribute>wall</attribute>
            </maprgb>
            <maprgb rgb='FF0000FF' image='walls/wall3.PNG'>
                <attribute>wall</attribute>
            </maprgb>
            <maprgb rgb='FF003333' image='glyphs/dglyph.png'>
                <attribute>wall</attribute>
            </maprgb>
            <!--Below: For legacy support-->
            <maprgb rgb='FF00aaaa' image='glyphs/dglyph.png'>
                <attribute>wall</attribute>
            </maprgb>
            <maprgb rgb='FF335500' image='toggle wall on'>
                <attribute>toggle wall</attribute>
                <attribute>%state=on</attribute>
            </maprgb>
            <maprgb rgb='FF339900' image='toggle wall off'>
                <attribute>toggle wall</attribute>
                <attribute>%state=off</attribute>
            </maprgb>            
			<maprgb rgb="676767" image='jungle tmap1'>
				<attribute>wall</attribute>
				<attribute>jungle</attribute>
			</maprgb>
			<maprgb rgb="679967" image='jungle tmap2'>
				<attribute>wall</attribute>
				<attribute>jungle</attribute>
			</maprgb>
        </layer>
        
        <layer id="03a UAObjects" type='rgbmap' imgloc='uaobjs'>			
            <maprgb rgb='FFff7080' image='mayan/glowglyph.gif'>
                <attribute>glowglyph</attribute>                
            </maprgb>
            <maprgb rgb='FF990000' image='key r'>
                <attribute>redkey</attribute>
                <attribute>uaobj</attribute>
            </maprgb>
            <maprgb rgb='FFFF0000' image='lock r'>
                <attribute>redlock</attribute>
            </maprgb>
            
            <maprgb rgb='FF009900' image='key g'>
                <attribute>greenkey</attribute>
                <attribute>uaobj</attribute>
            </maprgb>
            <maprgb rgb='FF00FF00' image='lock g'>
                <attribute>greenlock</attribute>
            </maprgb>
            <maprgb rgb='ff000099' image='key b'>
                <attribute>bluekey</attribute>
                <attribute>uaobj</attribute>
            </maprgb>
            <maprgb rgb='ff0000ff' image='lock b'>
                <attribute>bluelock</attribute>
            </maprgb>
            <maprgb rgb='ff999900' image='key y'>
                <attribute>yellowkey</attribute>
                <attribute>uaobj</attribute>
            </maprgb>
            <maprgb rgb='ffFFFF00' image='lock y'>
                <attribute>yellowlock</attribute>
            </maprgb>
            
            <!--Now begin the mapping for the toggles.-->
            <maprgb rgb='FFbbFF00' image='toggle btn'>
                <attribute>toggle btn</attribute>
            </maprgb>
            <maprgb rgb='FF335500' image='toggle wall on'>
                <attribute>toggle wall</attribute>
                <attribute>%state=on</attribute>                
            </maprgb>
            <maprgb rgb='FF339900' image='toggle wall off'>
                <attribute>toggle wall</attribute>
                <attribute>%state=off</attribute>
            </maprgb>
            <maprgb rgb='FF770077' image='helptile'>
                <attribute>helptile</attribute>
            </maprgb>
            <maprgb rgb='ff552200' image='barkcodex'>
                <attribute>uaobj</attribute>
                <attribute>barkcodex</attribute>
            </maprgb>
        </layer>
                              
        <layer id='04 AI' type='rgbmap' imgloc='ai'>
            <maprgb rgb='FFffbb00' image='ai jaguar'>
                <attribute>ai jaguarX</attribute>
                <attribute>ai</attribute>
            </maprgb>
            <maprgb rgb='FFff00bb' image='ai jaguar'>
                <attribute>ai jaguarY</attribute>
                <attribute>ai</attribute>
            </maprgb>
            <maprgb rgb='ff88ff88' image='ai parrot'>
                <attribute>ParrotCW</attribute>
                <attribute>ai</attribute>
                <attribute>%start=Left</attribute>
            </maprgb>
            <maprgb rgb='FF99ff88' image='ai parrot'>
                <attribute>ParrotCW</attribute>
                <attribute>ai</attribute>
                <attribute>%start=Up</attribute>
            </maprgb>
            <maprgb rgb='FF88ff99' image='ai parrot'>
                <attribute>ParrotCW</attribute>
                <attribute>ai</attribute>
                <attribute>%start=Right</attribute>
            </maprgb>
            <maprgb rgb='FF99ff99' image='ai parrot'>
                <attribute>ParrotCW</attribute>
                <attribute>ai</attribute>
                <attribute>%start=Down</attribute>
            </maprgb>

            <maprgb rgb='FF33ffcc' image='ai parrot'>
                <attribute>ParrotCCW</attribute>
                <attribute>ai</attribute>
                <attribute>%start=Left</attribute>
            </maprgb>
            <maprgb rgb='FF33ffbb' image='ai parrot'>
                <attribute>ParrotCCW</attribute>
                <attribute>ai</attribute>
                <attribute>%start=Right</attribute>
            </maprgb>
            <maprgb rgb='FF22ffcc' image='ai parrot'>
                <attribute>ParrotCCW</attribute>
                <attribute>ai</attribute>
                <attribute>%start=Up</attribute>
            </maprgb>
            <maprgb rgb='FF22ffbb' image='ai parrot'>
                <attribute>ParrotCCW</attribute>
                <attribute>ai</attribute>
                <attribute>%start=Down</attribute>
            </maprgb>
            <maprgb rgb='FF5b2b00' image='ai monkey'>
                <attribute>ai monkey</attribute>
                <attribute>ai</attribute>
            </maprgb>
        </layer>
        
        <layer id='04b HoverAI' type='rgbmap' imgloc='ai'>
            <maprgb rgb='FFff6600' image='ai hover'>
                <attribute>ai hoverH</attribute>
                <attribute>ai</attribute>
                <attribute>floor</attribute>
            </maprgb>        
            <maprgb rgb='FFaa5400' image='ai hover'>
                <attribute>ai hoverV</attribute>
                <attribute>ai</attribute>
                <attribute>floor</attribute>
            </maprgb>
            <maprgb rgb='FFff9977' image='ai hover'>
                <attribute>ai hoverP</attribute>
                <attribute>ai</attribute>
                <attribute>floor</attribute>
            </maprgb>    
        </layer>
    
        <layer id='HumInt' type='rgbmap' imgloc='histarts'>
            <maprgb rgb='FF00FF00' image='transparent.png'>
                <attribute>HI MainStart</attribute>
            </maprgb>
            <maprgb rgb='FF00FFFF' image='transparent.png'>
                <attribute>HI CheckStart</attribute>
            </maprgb>
            <maprgb rgb='FF008888' image='exitarrows.gif'>
                <attribute>HI ExitSquare</attribute>
            </maprgb>
            <maprgb rgb='FFff00bb' image='mayan/temple_nocolor.png'>
                <attribute>HI EnterChildSquare</attribute>
            </maprgb>
        </layer>
    
    </mapgen>
    
    
    
</ae>

